fold,cohort,rows,share
1,all,2916680,1.0
1,warm,139068,0.04768024
1,unseen_user,2705712,0.92766844
1,unseen_movie,473570,0.16236611
1,both_unseen,417850,0.1432622
1,low_history_user,14513,0.00497586
1,low_history_movie,28818,0.00988041
1,not_warm,2777612,0.95231976
2,all,2916676,1.0
2,warm,329505,0.11297278
2,unseen_user,2362492,0.80999467
2,unseen_movie,606404,0.20790928
2,both_unseen,397108,0.13615088
2,low_history_user,12517,0.00429153
2,low_history_movie,15320,0.00525255
2,not_warm,2587171,0.88702722
3,all,2916677,1.0
3,warm,295350,0.1012625
3,unseen_user,2513631,0.86181329
3,unseen_movie,236289,0.08101308
3,both_unseen,145589,0.04991605
3,low_history_user,7479,0.00256422
3,low_history_movie,27564,0.00945048
3,not_warm,2621327,0.8987375
4,all,2916678,1.0
4,warm,313932,0.10763341
4,unseen_user,2449892,0.83995971
4,unseen_movie,396551,0.13595981
4,both_unseen,252789,0.08667018
4,low_history_user,3657,0.00125382
4,low_history_movie,15244,0.00522649
4,not_warm,2602746,0.89236659
5,all,2916678,1.0
5,warm,358189,0.12280718
5,unseen_user,2368635,0.81210027
5,unseen_movie,392444,0.13455171
5,both_unseen,223616,0.07666804
5,low_history_user,7390,0.0025337
5,low_history_movie,30581,0.01048487
5,not_warm,2558489,0.87719282
