model,task,fold,seed,metric,value,train_time_s,inference_ms,hardware,config
mean_rating,rating_prediction,1,42,rmse,1.12111337,0.336194,186.4488,"Intel64 Family 6 Model 154 Stepping 3, GenuineIntel","{""fit_rows"": 2916677, ""inference_batch_rows"": 100000, ""mean"": 3.5669907912326253, ""min_movie_ratings"": 20, ""min_user_ratings"": 10, ""score_rows"": 2916680, ""warm_rows"": 139068}"
mean_rating,rating_prediction,1,42,mae,0.93852103,0.336194,186.4488,"Intel64 Family 6 Model 154 Stepping 3, GenuineIntel","{""fit_rows"": 2916677, ""inference_batch_rows"": 100000, ""mean"": 3.5669907912326253, ""min_movie_ratings"": 20, ""min_user_ratings"": 10, ""score_rows"": 2916680, ""warm_rows"": 139068}"
mean_rating,rating_prediction,1,42,rmse_warm,1.10315291,0.336194,186.4488,"Intel64 Family 6 Model 154 Stepping 3, GenuineIntel","{""fit_rows"": 2916677, ""inference_batch_rows"": 100000, ""mean"": 3.5669907912326253, ""min_movie_ratings"": 20, ""min_user_ratings"": 10, ""score_rows"": 2916680, ""warm_rows"": 139068}"
mean_rating,rating_prediction,1,42,mae_warm,0.91896427,0.336194,186.4488,"Intel64 Family 6 Model 154 Stepping 3, GenuineIntel","{""fit_rows"": 2916677, ""inference_batch_rows"": 100000, ""mean"": 3.5669907912326253, ""min_movie_ratings"": 20, ""min_user_ratings"": 10, ""score_rows"": 2916680, ""warm_rows"": 139068}"
mean_rating,rating_prediction,2,42,rmse,1.08221081,0.051818,172.9743,"Intel64 Family 6 Model 154 Stepping 3, GenuineIntel","{""fit_rows"": 5833357, ""inference_batch_rows"": 100000, ""mean"": 3.5683106657110133, ""min_movie_ratings"": 20, ""min_user_ratings"": 10, ""score_rows"": 2916676, ""warm_rows"": 329505}"
mean_rating,rating_prediction,2,42,mae,0.86678443,0.051818,172.9743,"Intel64 Family 6 Model 154 Stepping 3, GenuineIntel","{""fit_rows"": 5833357, ""inference_batch_rows"": 100000, ""mean"": 3.5683106657110133, ""min_movie_ratings"": 20, ""min_user_ratings"": 10, ""score_rows"": 2916676, ""warm_rows"": 329505}"
mean_rating,rating_prediction,2,42,rmse_warm,1.07614871,0.051818,172.9743,"Intel64 Family 6 Model 154 Stepping 3, GenuineIntel","{""fit_rows"": 5833357, ""inference_batch_rows"": 100000, ""mean"": 3.5683106657110133, ""min_movie_ratings"": 20, ""min_user_ratings"": 10, ""score_rows"": 2916676, ""warm_rows"": 329505}"
mean_rating,rating_prediction,2,42,mae_warm,0.85924491,0.051818,172.9743,"Intel64 Family 6 Model 154 Stepping 3, GenuineIntel","{""fit_rows"": 5833357, ""inference_batch_rows"": 100000, ""mean"": 3.5683106657110133, ""min_movie_ratings"": 20, ""min_user_ratings"": 10, ""score_rows"": 2916676, ""warm_rows"": 329505}"
mean_rating,rating_prediction,3,42,rmse,1.03514724,0.079441,192.9277,"Intel64 Family 6 Model 154 Stepping 3, GenuineIntel","{""fit_rows"": 8750033, ""inference_batch_rows"": 100000, ""mean"": 3.536010892758919, ""min_movie_ratings"": 20, ""min_user_ratings"": 10, ""score_rows"": 2916677, ""warm_rows"": 295350}"
mean_rating,rating_prediction,3,42,mae,0.79459614,0.079441,192.9277,"Intel64 Family 6 Model 154 Stepping 3, GenuineIntel","{""fit_rows"": 8750033, ""inference_batch_rows"": 100000, ""mean"": 3.536010892758919, ""min_movie_ratings"": 20, ""min_user_ratings"": 10, ""score_rows"": 2916677, ""warm_rows"": 295350}"
mean_rating,rating_prediction,3,42,rmse_warm,0.98832126,0.079441,192.9277,"Intel64 Family 6 Model 154 Stepping 3, GenuineIntel","{""fit_rows"": 8750033, ""inference_batch_rows"": 100000, ""mean"": 3.536010892758919, ""min_movie_ratings"": 20, ""min_user_ratings"": 10, ""score_rows"": 2916677, ""warm_rows"": 295350}"
mean_rating,rating_prediction,3,42,mae_warm,0.75298703,0.079441,192.9277,"Intel64 Family 6 Model 154 Stepping 3, GenuineIntel","{""fit_rows"": 8750033, ""inference_batch_rows"": 100000, ""mean"": 3.536010892758919, ""min_movie_ratings"": 20, ""min_user_ratings"": 10, ""score_rows"": 2916677, ""warm_rows"": 295350}"
mean_rating,rating_prediction,4,42,rmse,1.02210827,0.102728,174.2577,"Intel64 Family 6 Model 154 Stepping 3, GenuineIntel","{""fit_rows"": 11666710, ""inference_batch_rows"": 100000, ""mean"": 3.513777534540586, ""min_movie_ratings"": 20, ""min_user_ratings"": 10, ""score_rows"": 2916678, ""warm_rows"": 313932}"
mean_rating,rating_prediction,4,42,mae,0.78654522,0.102728,174.2577,"Intel64 Family 6 Model 154 Stepping 3, GenuineIntel","{""fit_rows"": 11666710, ""inference_batch_rows"": 100000, ""mean"": 3.513777534540586, ""min_movie_ratings"": 20, ""min_user_ratings"": 10, ""score_rows"": 2916678, ""warm_rows"": 313932}"
mean_rating,rating_prediction,4,42,rmse_warm,0.96332985,0.102728,174.2577,"Intel64 Family 6 Model 154 Stepping 3, GenuineIntel","{""fit_rows"": 11666710, ""inference_batch_rows"": 100000, ""mean"": 3.513777534540586, ""min_movie_ratings"": 20, ""min_user_ratings"": 10, ""score_rows"": 2916678, ""warm_rows"": 313932}"
mean_rating,rating_prediction,4,42,mae_warm,0.73415912,0.102728,174.2577,"Intel64 Family 6 Model 154 Stepping 3, GenuineIntel","{""fit_rows"": 11666710, ""inference_batch_rows"": 100000, ""mean"": 3.513777534540586, ""min_movie_ratings"": 20, ""min_user_ratings"": 10, ""score_rows"": 2916678, ""warm_rows"": 313932}"
mean_rating,rating_prediction,5,42,rmse,1.01292284,0.127858,178.7827,"Intel64 Family 6 Model 154 Stepping 3, GenuineIntel","{""fit_rows"": 14583388, ""inference_batch_rows"": 100000, ""mean"": 3.5125627529076233, ""min_movie_ratings"": 20, ""min_user_ratings"": 10, ""score_rows"": 2916678, ""warm_rows"": 358189}"
mean_rating,rating_prediction,5,42,mae,0.78617296,0.127858,178.7827,"Intel64 Family 6 Model 154 Stepping 3, GenuineIntel","{""fit_rows"": 14583388, ""inference_batch_rows"": 100000, ""mean"": 3.5125627529076233, ""min_movie_ratings"": 20, ""min_user_ratings"": 10, ""score_rows"": 2916678, ""warm_rows"": 358189}"
mean_rating,rating_prediction,5,42,rmse_warm,0.96788548,0.127858,178.7827,"Intel64 Family 6 Model 154 Stepping 3, GenuineIntel","{""fit_rows"": 14583388, ""inference_batch_rows"": 100000, ""mean"": 3.5125627529076233, ""min_movie_ratings"": 20, ""min_user_ratings"": 10, ""score_rows"": 2916678, ""warm_rows"": 358189}"
mean_rating,rating_prediction,5,42,mae_warm,0.73524592,0.127858,178.7827,"Intel64 Family 6 Model 154 Stepping 3, GenuineIntel","{""fit_rows"": 14583388, ""inference_batch_rows"": 100000, ""mean"": 3.5125627529076233, ""min_movie_ratings"": 20, ""min_user_ratings"": 10, ""score_rows"": 2916678, ""warm_rows"": 358189}"
mean_rating,rating_prediction,summary,42,rmse_mean,1.05470051,0,0,"Intel64 Family 6 Model 154 Stepping 3, GenuineIntel","{""folds"": 5}"
mean_rating,rating_prediction,summary,42,rmse_std,0.04570953,0,0,"Intel64 Family 6 Model 154 Stepping 3, GenuineIntel","{""folds"": 5}"
mean_rating,rating_prediction,summary,42,mae_mean,0.83452396,0,0,"Intel64 Family 6 Model 154 Stepping 3, GenuineIntel","{""folds"": 5}"
mean_rating,rating_prediction,summary,42,mae_std,0.06724979,0,0,"Intel64 Family 6 Model 154 Stepping 3, GenuineIntel","{""folds"": 5}"
mean_rating,rating_prediction,summary,42,rmse_warm_mean,1.01976764,0,0,"Intel64 Family 6 Model 154 Stepping 3, GenuineIntel","{""folds"": 5}"
mean_rating,rating_prediction,summary,42,rmse_warm_std,0.06518778,0,0,"Intel64 Family 6 Model 154 Stepping 3, GenuineIntel","{""folds"": 5}"
mean_rating,rating_prediction,summary,42,mae_warm_mean,0.80012025,0,0,"Intel64 Family 6 Model 154 Stepping 3, GenuineIntel","{""folds"": 5}"
mean_rating,rating_prediction,summary,42,mae_warm_std,0.08426256,0,0,"Intel64 Family 6 Model 154 Stepping 3, GenuineIntel","{""folds"": 5}"
